"Name","3_quant","2_quant","4_quant","5_quant","1_quant"
"5_trinity.7",240113.401049,256271.495827,248132.885981,256008.015945,251764.091035
"4_trinity.5",260241.470137,246970.418543,263001.787893,246337.694873,254462.214785
"4_trinity.6",252410.87788,256208.380533,251404.927538,253972.580643,252285.794282
"3_trinity.6",247234.250934,240549.705097,237460.398588,243681.708539,241487.899898
